id,first_name,last_name,email,address
1,Delora,Vany,dvany0@parallels.com,6 Knutson Alley
2,Murielle,Doctor,mdoctor1@ifeng.com,0950 Meadow Ridge Court
3,Meryl,Rilston,mrilston2@hatena.ne.jp,822 Dixon Park
4,Ellery,Walkinshaw,ewalkinshaw3@moonfruit.com,0 Nova Lane
5,Rosamond,Colles,rcolles4@answers.com,5302 Dovetail Plaza
6,Felipe,Thornebarrow,fthornebarrow5@nytimes.com,523 Shopko Circle
7,Harriett,Skittrell,hskittrell6@technorati.com,8 Lillian Drive
8,Alana,De Mattia,ademattia7@1688.com,55313 Elmside Road
9,Lexi,Reade,lreade8@bloglovin.com,4 Fieldstone Terrace
10,Neil,Macia,nmacia9@qq.com,039 Old Gate Lane
11,Antonina,Scopyn,ascopyna@comsenz.com,79498 Erie Center
12,Reynard,Gentil,rgentilb@adobe.com,68 Carioca Circle
13,Rickert,Dart,rdartc@time.com,0480 Heath Place
14,Maxie,O'Donohue,modonohued@ezinearticles.com,25 Atwood Road
15,Ashla,Halgarth,ahalgarthe@wikimedia.org,68360 American Ash Junction
16,Stephanus,Yarham,syarhamf@springer.com,26381 Westerfield Street
17,Dyane,Douglass,ddouglassg@rediff.com,075 Old Gate Drive
18,Anastasia,Coppen,acoppenh@un.org,48 Summerview Street
19,Binny,Bebis,bbebisi@ameblo.jp,04111 Pawling Crossing
20,Aurora,Ewin,aewinj@g.co,75 Eastwood Point
21,Madonna,Blogg,mbloggk@columbia.edu,38 Iowa Avenue
22,Zebulen,Christou,zchristoul@over-blog.com,0034 Oxford Trail
23,Karita,Blowes,kblowesm@g.co,4 Pearson Avenue
24,Mady,Bond,mbondn@qq.com,7800 Northview Junction
25,Wesley,McFall,wmcfallo@xrea.com,0 Logan Parkway
26,Marlo,Treppas,mtreppasp@vk.com,5473 Rutledge Street
27,Nikos,Heining,nheiningq@biglobe.ne.jp,1 Hallows Parkway
28,Constancia,Parchment,cparchmentr@discovery.com,1 Mendota Trail
29,Danie,Rodolico,drodolicos@google.fr,7 Northview Circle
30,Emory,Pledger,epledgert@yelp.com,2411 International Circle
31,Roldan,Jillard,rjillardu@army.mil,8738 Montana Alley
32,Yvon,Jerzak,yjerzakv@foxnews.com,1282 Armistice Junction
33,Darsie,Langan,dlanganw@unblog.fr,52 Sutteridge Court
34,Arabel,Sabater,asabaterx@businesswire.com,7 Walton Court
35,Jacquette,Garn,jgarny@ustream.tv,8 Maryland Park
36,Dagmar,Bissiker,dbissikerz@slideshare.net,6428 Schmedeman Park
37,Ambros,Semon,asemon10@samsung.com,59366 Northport Place
38,Daren,Hallums,dhallums11@opera.com,4 Oxford Lane
39,Corabel,Jordi,cjordi12@g.co,0098 Packers Place
40,Georg,Andreutti,gandreutti13@utexas.edu,6238 Arizona Lane
41,Lay,Whelband,lwhelband14@php.net,8 Lindbergh Avenue
42,Denni,Elvins,delvins15@accuweather.com,64855 Troy Circle
43,Tasia,Willans,twillans16@google.de,269 Portage Crossing
44,Cherianne,Bernhardt,cbernhardt17@linkedin.com,0 Dennis Center
45,Merrie,Rushworth,mrushworth18@nbcnews.com,49 Columbus Terrace
46,Malia,Ledwith,mledwith19@nps.gov,72 Corben Plaza
47,Diane,Keller,dkeller1a@1688.com,536 Bartelt Way
48,Alexis,Challender,achallender1b@examiner.com,21 Milwaukee Hill
49,Chelsey,Pedracci,cpedracci1c@thetimes.co.uk,1 Londonderry Hill
50,Ettore,Foker,efoker1d@xing.com,6 Bartelt Drive
51,Lincoln,Nigh,lnigh1e@businessweek.com,9 Sherman Street
52,Amil,Fitchew,afitchew1f@vk.com,3455 Lerdahl Way
53,Jerrie,Whitlam,jwhitlam1g@qq.com,48 Hagan Place
54,Barnie,Trewartha,btrewartha1h@plala.or.jp,0 Mendota Pass
55,Vania,Goodlatt,vgoodlatt1i@cocolog-nifty.com,25417 Anzinger Park
56,Joice,Blumson,jblumson1j@dropbox.com,92 Prairie Rose Circle
57,Jasen,Drayton,jdrayton1k@github.com,7339 Harper Center
58,Mackenzie,Daniely,mdaniely1l@bbc.co.uk,48 Melody Junction
59,Toddy,Burwell,tburwell1m@latimes.com,29148 Brown Court
60,Gill,Cripin,gcripin1n@cbc.ca,724 Steensland Pass
61,Ave,Alsop,aalsop1o@t.co,53 Talisman Way
62,Bordy,Kidner,bkidner1p@marriott.com,18 Scofield Alley
63,Ezmeralda,Gontier,egontier1q@techcrunch.com,2576 Clove Alley
64,Roscoe,Woolward,rwoolward1r@dion.ne.jp,92 Eagan Parkway
65,Caleb,Chafney,cchafney1s@newyorker.com,66 Killdeer Avenue
66,Barbabra,Spottiswoode,bspottiswoode1t@myspace.com,443 Bultman Hill
67,Marcel,Kennsley,mkennsley1u@weibo.com,951 Ohio Terrace
68,Goldy,Dunnet,gdunnet1v@psu.edu,17651 Heffernan Court
69,Hyacinthia,Allwright,hallwright1w@rambler.ru,4503 Old Shore Parkway
70,Erl,Grunwald,egrunwald1x@wsj.com,26813 Kinsman Trail
71,Reuben,Lempenny,rlempenny1y@fotki.com,58565 Spenser Hill
72,Kerr,McIlreavy,kmcilreavy1z@smh.com.au,027 Longview Terrace
73,Dallon,McGruar,dmcgruar20@imdb.com,88 Petterle Street
74,Nial,Cocking,ncocking21@cyberchimps.com,61339 Boyd Hill
75,Gussi,Duigenan,gduigenan22@slate.com,6 Vernon Court
76,Lavena,Fontelles,lfontelles23@wp.com,05913 Portage Pass
77,Dalis,Stuckford,dstuckford24@mayoclinic.com,238 Sunfield Court
78,Lombard,Brucker,lbrucker25@washingtonpost.com,5 Carey Street
79,Frasco,Samter,fsamter26@uol.com.br,5796 Blaine Terrace
80,Kara-lynn,Krzyzaniak,kkrzyzaniak27@japanpost.jp,1249 Red Cloud Lane
81,Penni,Cragell,pcragell28@marriott.com,3948 Bellgrove Park
82,Danie,McCleverty,dmccleverty29@storify.com,58516 Lakeland Junction
83,Jacquelynn,Clayton,jclayton2a@dailymotion.com,089 Aberg Avenue
84,Jourdan,Ionn,jionn2b@npr.org,84 Gina Avenue
85,Will,Doe,wdoe2c@delicious.com,7 Sutteridge Hill
86,Ella,Ccomini,eccomini2d@jalbum.net,6 La Follette Terrace
87,Dolli,Todman,dtodman2e@uiuc.edu,87 Vernon Center
88,Ollie,Lippiatt,olippiatt2f@smh.com.au,030 Butternut Avenue
89,Montague,Davis,mdavis2g@github.io,1006 Almo Trail
90,Con,McMearty,cmcmearty2h@microsoft.com,63610 Hudson Street
91,Crystal,MacSkeaghan,cmacskeaghan2i@oakley.com,141 Nova Center
92,Calley,Imesen,cimesen2j@joomla.org,2300 Arapahoe Center
93,Carri,Izatt,cizatt2k@xinhuanet.com,981 Emmet Way
94,Candide,Brickwood,cbrickwood2l@nps.gov,37 Gulseth Alley
95,Murdock,Moncrieffe,mmoncrieffe2m@reverbnation.com,52 Sloan Road
96,Gretchen,Lawday,glawday2n@quantcast.com,9 Spaight Road
97,Johnette,Akred,jakred2o@ucoz.ru,471 Monterey Street
98,Valeda,Cuthbert,vcuthbert2p@nature.com,32 Lakeland Alley
99,Hamnet,Beminster,hbeminster2q@diigo.com,1940 Dwight Pass
100,Porter,Le Blanc,pleblanc2r@google.com.br,94750 School Drive
101,Minna,Canning,mcanning2s@nih.gov,69 Lunder Junction
102,Drusi,Heynen,dheynen2t@sciencedaily.com,216 Hermina Road
103,Belvia,Tosh,btosh2u@utexas.edu,47018 Dennis Plaza
104,Rora,Attkins,rattkins2v@amazon.com,9886 Westend Road
105,Eileen,Shay,eshay2w@ox.ac.uk,63 Hudson Way
106,Evelina,Ouver,eouver2x@yahoo.com,2211 Buell Avenue
107,Andris,Valler,avaller2y@surveymonkey.com,96541 Sachs Court
108,Netti,Duncombe,nduncombe2z@npr.org,42803 Summerview Place
109,Annissa,Maffioletti,amaffioletti30@youtu.be,57801 Orin Pass
110,Amii,Petters,apetters31@imageshack.us,2302 Hermina Park
111,Terrance,Pettifor,tpettifor32@nbcnews.com,02 Independence Circle
112,Tabby,Pitrasso,tpitrasso33@hp.com,4583 Barby Center
113,Roma,Stalley,rstalley34@apache.org,2 Sauthoff Drive
114,Aliza,Blanning,ablanning35@xrea.com,2 Sundown Drive
115,Rickert,Guppey,rguppey36@google.fr,5314 Fieldstone Center
116,Bernadette,Jacketts,bjacketts37@timesonline.co.uk,93 Monica Terrace
117,Celia,Casino,ccasino38@php.net,4 Browning Place
118,Leonid,Yeates,lyeates39@jalbum.net,5632 Melrose Alley
119,Caril,Blyden,cblyden3a@yahoo.co.jp,97 Muir Park
120,Winny,Vaisey,wvaisey3b@wordpress.org,505 Annamark Avenue
121,Larry,Greves,lgreves3c@si.edu,673 Del Sol Circle
122,Manny,Dudden,mdudden3d@miibeian.gov.cn,4 Ohio Way
123,Edward,Bollini,ebollini3e@topsy.com,6876 Novick Lane
124,Virgina,Bysouth,vbysouth3f@123-reg.co.uk,1 Schmedeman Plaza
125,Hillary,Decroix,hdecroix3g@fema.gov,22275 Lake View Point
126,Sibella,Oret,soret3h@who.int,769 Kensington Pass
127,Rachele,Starbucke,rstarbucke3i@go.com,8 American Terrace
128,Debera,Langton,dlangton3j@istockphoto.com,2 High Crossing Court
129,Alexander,Leverett,aleverett3k@yellowbook.com,9116 Lotheville Court
130,Nigel,Ogdahl,nogdahl3l@mlb.com,19790 Petterle Road
131,Hartwell,Striker,hstriker3m@dagondesign.com,75 Atwood Pass
132,Ephraim,Perceval,eperceval3n@geocities.com,6 Melrose Pass
133,Marijn,Lainge,mlainge3o@tamu.edu,20 Del Sol Pass
134,Mimi,Kynnd,mkynnd3p@prlog.org,5195 New Castle Circle
135,Camilla,Giacobillo,cgiacobillo3q@posterous.com,69286 Blaine Circle
136,Wally,Adelman,wadelman3r@ustream.tv,9494 Barnett Pass
137,Yance,Lebreton,ylebreton3s@surveymonkey.com,06068 Northland Center
138,Fifine,Gwyther,fgwyther3t@plala.or.jp,521 Linden Trail
139,Aline,Kibbel,akibbel3u@mysql.com,81785 Maple Trail
140,Wayne,Lettington,wlettington3v@aol.com,05 Linden Parkway
141,Jermayne,Speere,jspeere3w@i2i.jp,382 Forest Run Street
142,Andy,MacKeeg,amackeeg3x@jimdo.com,2534 Lakewood Gardens Trail
143,Pepito,Gerger,pgerger3y@spiegel.de,34 Merchant Circle
144,Heddie,Storms,hstorms3z@spiegel.de,5688 Lukken Avenue
145,Benn,Luttger,bluttger40@opensource.org,85055 Farragut Park
146,Hewet,Braunfeld,hbraunfeld41@reverbnation.com,397 Algoma Circle
147,Clarissa,Derkes,cderkes42@google.ca,47877 Emmet Street
148,Hagan,Olin,holin43@slate.com,5460 Norway Maple Drive
149,Justinian,Izaks,jizaks44@spotify.com,12 Ryan Drive
150,Renault,Kleuer,rkleuer45@howstuffworks.com,733 Gulseth Alley
151,Brandtr,Vedntyev,bvedntyev46@skype.com,3 Maryland Crossing
152,Orazio,Fancett,ofancett47@merriam-webster.com,2 North Trail
153,Isidora,Welland,iwelland48@infoseek.co.jp,73 Blue Bill Park Street
154,Vinny,Beesey,vbeesey49@typepad.com,13 Washington Terrace
155,Jehanna,Mattisson,jmattisson4a@nature.com,33007 New Castle Park
156,Allyn,Midghall,amidghall4b@pcworld.com,57627 Granby Alley
157,Diahann,Scally,dscally4c@netvibes.com,3070 Morning Trail
158,Alejoa,Kelshaw,akelshaw4d@weather.com,686 Lindbergh Plaza
159,Harmonie,Eaglen,heaglen4e@noaa.gov,897 Susan Parkway
160,Roddie,Veld,rveld4f@disqus.com,79336 Mcguire Center
161,Carver,Rushman,crushman4g@qq.com,1 Birchwood Pass
162,Mollie,Privett,mprivett4h@nbcnews.com,77 Sage Junction
163,Mireille,Dunston,mdunston4i@yelp.com,78 Clove Point
164,Nikaniki,Frazier,nfrazier4j@people.com.cn,963 Monterey Center
165,Gloriana,Absolon,gabsolon4k@umn.edu,22998 Longview Pass
166,Bianka,Farrah,bfarrah4l@hexun.com,07 Judy Parkway
167,Normy,Lawry,nlawry4m@theglobeandmail.com,4 Kim Lane
168,Faulkner,Fladgate,ffladgate4n@ycombinator.com,277 Lakeland Point
169,Thelma,Itschakov,titschakov4o@discuz.net,7987 Westerfield Court
170,Kahlil,Coils,kcoils4p@economist.com,205 Daystar Point
171,Moll,Apedaile,mapedaile4q@hatena.ne.jp,2 Lakewood Gardens Point
172,Pascale,Pillington,ppillington4r@goo.ne.jp,4 Stone Corner Street
173,Emmye,Wolfindale,ewolfindale4s@odnoklassniki.ru,269 Delaware Trail
174,Bessy,Tether,btether4t@behance.net,9 Laurel Plaza
175,Andriette,Cregan,acregan4u@seattletimes.com,354 Oak Avenue
176,Erasmus,Miell,emiell4v@shinystat.com,34411 Randy Junction
177,Edith,Demer,edemer4w@purevolume.com,94596 Hermina Trail
178,Lorri,Mainson,lmainson4x@simplemachines.org,392 Hanson Point
179,Dilan,Ivatts,divatts4y@mediafire.com,439 Washington Circle
180,Jamil,Guilaem,jguilaem4z@livejournal.com,130 Lerdahl Terrace
181,Gil,Massinger,gmassinger50@washington.edu,51 Lighthouse Bay Court
182,Paquito,Otterwell,potterwell51@dailymail.co.uk,0 Spenser Pass
183,Wood,Dadds,wdadds52@4shared.com,010 Mandrake Drive
184,Sidney,Lyle,slyle53@mail.ru,12 Macpherson Junction
185,Daune,Mouatt,dmouatt54@cnn.com,9 Grasskamp Crossing
186,Vivie,Bosward,vbosward55@mail.ru,84185 Washington Avenue
187,Hatti,Tape,htape56@goo.ne.jp,601 Spohn Plaza
188,Deeanne,Colomb,dcolomb57@tiny.cc,2 2nd Junction
189,Sibley,Fryer,sfryer58@sourceforge.net,2719 Westerfield Park
190,Ailene,Hales,ahales59@twitter.com,49 Laurel Plaza
191,Chuck,Gayforth,cgayforth5a@soup.io,77779 Main Lane
192,Northrup,Redmire,nredmire5b@jimdo.com,94 Grover Drive
193,Trula,Gatus,tgatus5c@foxnews.com,32 Marcy Road
194,Rand,Williment,rwilliment5d@prlog.org,7195 Di Loreto Parkway
195,Alice,Greenshiels,agreenshiels5e@google.com,30 Schlimgen Avenue
196,Lesley,Grady,lgrady5f@opera.com,350 Bonner Road
197,Carlo,Folling,cfolling5g@free.fr,61409 Thompson Road
198,Christine,Rollitt,crollitt5h@ning.com,4783 Grasskamp Park
199,Pavlov,Bester,pbester5i@sun.com,7048 Nevada Avenue
200,Ermin,Knowles,eknowles5j@cornell.edu,606 Morningstar Drive
201,Mariska,Youhill,myouhill5k@deviantart.com,6523 Manley Lane
202,Charmine,Gomersall,cgomersall5l@noaa.gov,37812 Hanson Plaza
203,Aguste,Crooks,acrooks5m@ucoz.com,91655 Surrey Plaza
204,Connie,Espinal,cespinal5n@naver.com,10953 Clove Pass
205,Sydney,Roome,sroome5o@hc360.com,5192 Manitowish Plaza
206,Olivia,Dagless,odagless5p@lycos.com,75 Bultman Junction
207,Terry,Seward,tseward5q@macromedia.com,097 Packers Place
208,Querida,Dorricott,qdorricott5r@craigslist.org,9 Londonderry Plaza
209,Grannie,Kelston,gkelston5s@goo.gl,405 Shelley Plaza
210,Carlita,Puxley,cpuxley5t@noaa.gov,82116 Continental Park
211,Geoffry,Hardwich,ghardwich5u@so-net.ne.jp,2509 Utah Plaza
212,Jacinthe,Cartmell,jcartmell5v@hexun.com,562 Division Road
213,Vickie,Semaine,vsemaine5w@privacy.gov.au,44123 Chinook Center
214,Titus,MacDaid,tmacdaid5x@istockphoto.com,080 Delladonna Pass
215,Harry,Saylor,hsaylor5y@virginia.edu,561 Roth Street
216,Simone,MacArdle,smacardle5z@posterous.com,283 Kipling Circle
217,Gwyneth,Parades,gparades60@marketwatch.com,7 Mcbride Street
218,Mada,Hyatt,mhyatt61@issuu.com,4789 Arizona Place
219,Gwenneth,Olivier,golivier62@ycombinator.com,5 Gina Avenue
220,Boniface,Godly,bgodly63@un.org,002 Montana Center
221,Johnny,Dumphy,jdumphy64@liveinternet.ru,75802 Sundown Road
222,Drusi,Dabnor,ddabnor65@comsenz.com,7879 Talmadge Plaza
223,Erwin,Sweetenham,esweetenham66@virginia.edu,84 Hansons Road
224,Vachel,Jurisic,vjurisic67@gmpg.org,42642 2nd Drive
225,Nixie,Danhel,ndanhel68@princeton.edu,457 Thackeray Avenue
226,Vinni,Abrahmovici,vabrahmovici69@csmonitor.com,76 Maple Wood Parkway
227,Eustacia,Gerrelt,egerrelt6a@vimeo.com,34 Vidon Road
228,Hillyer,Elfitt,helfitt6b@lycos.com,3790 Toban Junction
229,Marlo,Hallwood,mhallwood6c@histats.com,0335 Basil Pass
230,Ingmar,Antonopoulos,iantonopoulos6d@indiatimes.com,07481 Sunnyside Way
231,Sibyl,Pimer,spimer6e@imgur.com,466 Red Cloud Crossing
232,Calley,Castellani,ccastellani6f@vistaprint.com,36 Randy Lane
233,Mattie,Fontell,mfontell6g@goo.gl,859 Heath Terrace
234,Buffy,Exley,bexley6h@google.fr,357 Harbort Point
235,Leah,Coudray,lcoudray6i@tamu.edu,93445 Westridge Hill
236,Shane,Caunter,scaunter6j@gizmodo.com,1 Spaight Junction
237,Archie,Phalip,aphalip6k@comsenz.com,695 Cottonwood Park
238,Lukas,Stute,lstute6l@soup.io,2 Havey Road
239,Fawnia,Kersting,fkersting6m@gizmodo.com,4 Bultman Avenue
240,Granville,Betz,gbetz6n@goo.ne.jp,597 Leroy Street
241,Zachariah,Mayhou,zmayhou6o@aol.com,209 Crest Line Trail
242,Albertina,Breckwell,abreckwell6p@comsenz.com,2 Village Trail
243,Virgil,Hub,vhub6q@ehow.com,85 Northridge Road
244,Goldy,Harcus,gharcus6r@apache.org,6 Utah Way
245,Flin,O'Hegertie,fohegertie6s@wordpress.com,71 Declaration Street
246,Rosy,Cornish,rcornish6t@weather.com,275 Dorton Parkway
247,Laurence,Fidgett,lfidgett6u@hibu.com,4 Lakewood Terrace
248,Jamaal,Aldine,jaldine6v@umich.edu,03188 Pepper Wood Hill
249,Lana,Bazley,lbazley6w@salon.com,42967 Tomscot Park
250,Keith,Filpo,kfilpo6x@feedburner.com,529 Blackbird Trail
251,Simonne,Maudling,smaudling6y@nydailynews.com,1 Buena Vista Circle
252,Martainn,Paradin,mparadin6z@stumbleupon.com,03 Shasta Trail
253,Ardra,McNaughton,amcnaughton70@dedecms.com,3711 Talisman Street
254,Port,Coll,pcoll71@ibm.com,11 Morrow Street
255,Sinclare,Olenov,solenov72@forbes.com,3 Burning Wood Hill
256,Nertie,Machon,nmachon73@bloglovin.com,65384 Hagan Street
257,Lauryn,Bright,lbright74@1688.com,68 Summer Ridge Road
258,Angela,Broomfield,abroomfield75@ucoz.ru,5 Dunning Trail
259,Kristi,Marfe,kmarfe76@elegantthemes.com,66769 Donald Trail
260,Mikel,Dufaur,mdufaur77@geocities.jp,61497 Oak Valley Crossing
261,Roanna,Ithell,rithell78@cocolog-nifty.com,9907 Barnett Alley
262,Aleen,Overnell,aovernell79@google.com.au,52607 Welch Terrace
263,Drucie,Coppeard,dcoppeard7a@printfriendly.com,16650 Blue Bill Park Center
264,Dorelle,Ottley,dottley7b@1und1.de,3825 Spenser Place
265,Oralle,Hubberstey,ohubberstey7c@mozilla.com,001 Lakewood Gardens Center
266,Norman,Gommowe,ngommowe7d@about.com,2 Clemons Trail
267,Fanni,Boon,fboon7e@bloglovin.com,3019 Buell Trail
268,Darcy,Ewenson,dewenson7f@hubpages.com,25783 Sommers Crossing
269,Rod,Planke,rplanke7g@instagram.com,2142 Eastwood Circle
270,Stirling,Mariette,smariette7h@adobe.com,8926 Burrows Point
271,Nelle,Donet,ndonet7i@storify.com,40566 Old Shore Circle
272,Marcelia,Sidebotham,msidebotham7j@studiopress.com,9370 Jana Place
273,Yolane,Dysert,ydysert7k@ameblo.jp,8 Rowland Alley
274,Russell,Gherarducci,rgherarducci7l@phoca.cz,2179 Fairview Plaza
275,Marnia,Siely,msiely7m@nature.com,4309 Drewry Street
276,Cazzie,Formilli,cformilli7n@weebly.com,20 Ruskin Lane
277,Arturo,McIlvoray,amcilvoray7o@google.ca,431 Sundown Alley
278,Jennee,MacKey,jmackey7p@arstechnica.com,04 Jana Street
279,Nataline,Caherny,ncaherny7q@edublogs.org,6091 Tomscot Drive
280,Liane,Southern,lsouthern7r@ning.com,190 Birchwood Trail
281,Ilario,Korb,ikorb7s@fotki.com,84 Jenna Place
282,Babette,Couchman,bcouchman7t@rakuten.co.jp,995 Ronald Regan Avenue
283,Moore,Chugg,mchugg7u@sphinn.com,3 Scott Center
284,Quill,De Bischop,qdebischop7v@last.fm,4698 Welch Way
285,Marcus,O'Hearn,mohearn7w@nih.gov,98153 Orin Terrace
286,Leila,Somerbell,lsomerbell7x@wikipedia.org,16447 Banding Hill
287,Fonsie,Mallett,fmallett7y@qq.com,66807 Porter Park
288,Lucila,Hicklingbottom,lhicklingbottom7z@geocities.jp,03041 Washington Trail
289,Gwendolen,Maudlen,gmaudlen80@washington.edu,92 Ridgeview Lane
290,Bambie,Shetliff,bshetliff81@zdnet.com,58 Aberg Point
291,Lenette,Hopewell,lhopewell82@mayoclinic.com,579 Homewood Street
292,Gan,Handling,ghandling83@newyorker.com,89 Pennsylvania Crossing
293,Tuck,Corrigan,tcorrigan84@sphinn.com,1 Erie Avenue
294,Brandy,Martignoni,bmartignoni85@amazonaws.com,10 Ohio Center
295,Danya,Harkins,dharkins86@who.int,2611 Melby Street
296,Jody,Vondrys,jvondrys87@businessinsider.com,987 Florence Trail
297,Fred,Fairlie,ffairlie88@blogspot.com,9 Grasskamp Way
298,Kirbee,Walklott,kwalklott89@time.com,801 Mitchell Avenue
299,Corabel,Klink,cklink8a@privacy.gov.au,389 Nevada Drive
300,Mommy,Rickardes,mrickardes8b@facebook.com,0 Larry Junction
301,Luce,Jimenez,ljimenez8c@twitter.com,5 Sloan Court
302,Ulberto,Gilmour,ugilmour8d@theglobeandmail.com,20933 Grayhawk Park
303,Rebeca,Cottam,rcottam8e@seesaa.net,22658 Farwell Court
304,Chaddy,Foden,cfoden8f@upenn.edu,23 Twin Pines Junction
305,Kati,Jersh,kjersh8g@zdnet.com,77366 Leroy Trail
306,Samara,Massow,smassow8h@51.la,9503 Center Court
307,Zorina,Wales,zwales8i@skype.com,0 Farwell Drive
308,Giselle,Siggery,gsiggery8j@g.co,9 La Follette Alley
309,Jeremy,Le Conte,jleconte8k@thetimes.co.uk,673 Butterfield Avenue
310,Rod,Woodley,rwoodley8l@blogs.com,32390 Arkansas Road
311,Maxie,Woolhouse,mwoolhouse8m@nyu.edu,89500 Carey Court
312,Gloriane,Oland,goland8n@macromedia.com,55 Westerfield Crossing
313,Hyacinthe,Hacun,hhacun8o@123-reg.co.uk,32 Manufacturers Avenue
314,Nicolina,Trenholm,ntrenholm8p@constantcontact.com,491 Gateway Center
315,Mill,Mundall,mmundall8q@hostgator.com,4867 Golf Pass
316,Petr,Rubie,prubie8r@w3.org,148 Stang Avenue
317,Toddy,Statersfield,tstatersfield8s@elegantthemes.com,0 Hazelcrest Place
318,Ida,Spyer,ispyer8t@etsy.com,767 Bayside Center
319,Davon,Pechet,dpechet8u@intel.com,61710 Ilene Drive
320,Angelique,Scotchford,ascotchford8v@multiply.com,8997 Vahlen Drive
321,Matelda,Krimmer,mkrimmer8w@sfgate.com,81682 Almo Place
322,Cody,Desvignes,cdesvignes8x@businessinsider.com,8456 Melody Way
323,Teddie,Laity,tlaity8y@people.com.cn,18 Walton Circle
324,Adrianna,Wooffitt,awooffitt8z@delicious.com,109 Meadow Ridge Center
325,Ava,Silburn,asilburn90@github.io,40 Larry Place
326,Zacherie,Magee,zmagee91@trellian.com,843 Warrior Park
327,Lucky,Renad,lrenad92@list-manage.com,965 Esch Circle
328,Patrizius,Lillyman,plillyman93@google.co.uk,9060 Holmberg Court
329,Kayla,Cossey,kcossey94@usnews.com,01 Melby Terrace
330,Jedidiah,Mossom,jmossom95@mail.ru,74818 Kingsford Drive
331,Carri,Gabbatt,cgabbatt96@mediafire.com,66 Bayside Park
332,Rog,Jentges,rjentges97@census.gov,74 Fremont Pass
333,Kincaid,Dunbleton,kdunbleton98@arizona.edu,508 Scofield Terrace
334,Cornelle,Goodwill,cgoodwill99@latimes.com,148 Arizona Lane
335,Giraldo,Beszant,gbeszant9a@irs.gov,679 Continental Hill
336,Moina,Lescop,mlescop9b@diigo.com,2 Leroy Pass
337,Amalia,Ownsworth,aownsworth9c@digg.com,57744 Kipling Park
338,Petr,Hutchcraft,phutchcraft9d@t-online.de,5 Novick Park
339,Ernest,Barca,ebarca9e@princeton.edu,572 Vidon Park
340,Giff,Acutt,gacutt9f@edublogs.org,92179 Grayhawk Alley
341,Bernarr,Yarnold,byarnold9g@pbs.org,8777 Prairieview Lane
342,Emmye,Canet,ecanet9h@prnewswire.com,978 Daystar Point
343,Antonia,Bailes,abailes9i@cam.ac.uk,56 Lawn Avenue
344,Trescha,Balasin,tbalasin9j@jalbum.net,175 Dovetail Circle
345,Gaultiero,McQuilty,gmcquilty9k@163.com,8 Cherokee Drive
346,Gilda,Prydden,gprydden9l@cbc.ca,1966 2nd Avenue
347,Gail,Bowler,gbowler9m@patch.com,233 Reinke Park
348,Lorrie,Van Oort,lvanoort9n@ftc.gov,6113 Hayes Terrace
349,Giffie,Mullinger,gmullinger9o@wunderground.com,39552 Roth Avenue
350,Catrina,Muston,cmuston9p@rambler.ru,62216 Sloan Trail
351,Annissa,Lavall,alavall9q@unesco.org,70 Declaration Circle
352,Dianna,Cowin,dcowin9r@amazon.co.jp,10860 Kennedy Drive
353,Farica,Iacivelli,fiacivelli9s@behance.net,78 Merry Road
354,Nita,Vellacott,nvellacott9t@google.com.br,8 Morrow Place
355,Lynn,Tremellan,ltremellan9u@acquirethisname.com,736 Clemons Pass
356,Diannne,Gonsalvo,dgonsalvo9v@discuz.net,426 Ridge Oak Way
357,Erv,Yitzhakof,eyitzhakof9w@imageshack.us,0018 Hanson Way
358,Pate,Jochens,pjochens9x@ezinearticles.com,61633 Lakewood Pass
359,Noe,Avard,navard9y@barnesandnoble.com,0665 Ludington Pass
360,Mayor,Danilchik,mdanilchik9z@xinhuanet.com,01608 Tennyson Plaza
361,Judye,Warstall,jwarstalla0@yelp.com,26 Glacier Hill Junction
362,Iago,Dewey,ideweya1@thetimes.co.uk,422 Burrows Park
363,Gianna,Darrell,gdarrella2@china.com.cn,533 Forest Parkway
364,Ronald,Neachell,rneachella3@weibo.com,7661 Iowa Plaza
365,Amata,Vallerine,avallerinea4@theatlantic.com,6 Ludington Crossing
366,Loralee,Netherclift,lnetherclifta5@youtube.com,716 Schiller Junction
367,Basile,Stare,bstarea6@discuz.net,54601 Drewry Circle
368,Eben,Karran,ekarrana7@liveinternet.ru,85218 Kinsman Alley
369,Spense,Roggerone,sroggeronea8@fema.gov,5 Butterfield Park
370,Jeana,Francisco,jfranciscoa9@ycombinator.com,19388 Quincy Plaza
371,Sonja,Parminter,sparminteraa@oakley.com,83 Kinsman Park
372,Mahalia,Bearns,mbearnsab@360.cn,13 John Wall Place
373,Rochella,Strong,rstrongac@businessweek.com,9425 American Ash Crossing
374,Whittaker,Wysome,wwysomead@google.ca,27 Montana Terrace
375,Sutherlan,Aldine,saldineae@nydailynews.com,9233 Longview Alley
376,Denis,McCorrie,dmccorrieaf@godaddy.com,57803 Petterle Center
377,Corinna,Hodjetts,chodjettsag@imgur.com,215 Algoma Alley
378,Bruis,Allenby,ballenbyah@amazon.co.uk,00 Sutteridge Road
379,Goldina,Stallard,gstallardai@wsj.com,6 Maple Lane
380,Giavani,Purves,gpurvesaj@unc.edu,7 Graedel Lane
381,Fulvia,Reilinger,freilingerak@nymag.com,246 Summer Ridge Crossing
382,Jarib,Clorley,jclorleyal@oakley.com,49094 Fieldstone Crossing
383,Elbert,Forsyde,eforsydeam@is.gd,41 Johnson Trail
384,Frederick,Iorizzi,fiorizzian@mapquest.com,646 Menomonie Junction
385,Eada,Subhan,esubhanao@wikispaces.com,28 Randy Lane
386,Jorry,Hingeley,jhingeleyap@ow.ly,497 Drewry Hill
387,Auria,Imeson,aimesonaq@census.gov,0445 Arrowood Circle
388,Tremayne,Matthiesen,tmatthiesenar@quantcast.com,0 Pepper Wood Way
389,Gina,Sidebotton,gsidebottonas@ning.com,729 Anzinger Park
390,Gaye,Hawkins,ghawkinsat@1688.com,1 Veith Alley
391,Cly,Cafferty,ccaffertyau@ehow.com,47 Montana Pass
392,Wilie,Greatreax,wgreatreaxav@51.la,10 Sloan Plaza
393,Shannon,Yewen,syewenaw@eventbrite.com,3157 Del Mar Drive
394,Gabby,Twining,gtwiningax@wisc.edu,70 Eagan Plaza
395,Tanny,Purvess,tpurvessay@rediff.com,2765 Sachs Plaza
396,Erda,Olner,eolneraz@ocn.ne.jp,98 Northland Plaza
397,Elisa,Key,ekeyb0@cafepress.com,6234 Pearson Park
398,Kally,Goudge,kgoudgeb1@mail.ru,42 Birchwood Place
399,Mill,Drillingcourt,mdrillingcourtb2@slashdot.org,6687 Arizona Street
400,Lamont,Hillatt,lhillattb3@livejournal.com,99 Novick Pass
401,Nefen,Cleveland,nclevelandb4@berkeley.edu,2670 Delladonna Parkway
402,Petunia,Hethron,phethronb5@godaddy.com,9 Service Court
403,Horacio,Nelsey,hnelseyb6@newyorker.com,8 Grim Street
404,Paule,Mackin,pmackinb7@msn.com,71 Muir Street
405,Petey,Kob,pkobb8@microsoft.com,9 Birchwood Lane
406,Nannie,Garstan,ngarstanb9@geocities.jp,4 Gateway Court
407,Ezmeralda,Whittier,ewhittierba@nhs.uk,6703 Alpine Avenue
408,Lorianna,Cuolahan,lcuolahanbb@desdev.cn,2 Sullivan Parkway
409,Ardine,Fosberry,afosberrybc@jugem.jp,3506 Duke Circle
410,Ashly,Smewing,asmewingbd@diigo.com,2465 Mallard Court
411,Aida,Barus,abarusbe@lulu.com,562 Mitchell Court
412,Pippa,Cornelisse,pcornelissebf@utexas.edu,1120 Oneill Terrace
413,Andonis,Lowy,alowybg@artisteer.com,4280 Mesta Pass
414,Hadlee,Finlaison,hfinlaisonbh@sphinn.com,68849 Dexter Terrace
415,Liuka,Lyttle,llyttlebi@cdbaby.com,29119 Amoth Parkway
416,Onofredo,Gowar,ogowarbj@reddit.com,64825 Donald Lane
417,Ysabel,Calton,ycaltonbk@cloudflare.com,45 Alpine Lane
418,Tarah,Geockle,tgeocklebl@booking.com,9577 Fair Oaks Street
419,Cecil,Merriman,cmerrimanbm@weibo.com,55268 Luster Street
420,Ondrea,Goundsy,ogoundsybn@samsung.com,2 Burrows Street
421,Sherie,Caukill,scaukillbo@gizmodo.com,271 Spenser Point
422,Calla,Twopenny,ctwopennybp@goo.gl,28996 Starling Crossing
423,Rosalinde,Hub,rhubbq@ning.com,38 Esker Park
424,Wilmer,Duckit,wduckitbr@dropbox.com,33 Twin Pines Drive
425,Jacquenette,Hirtz,jhirtzbs@ovh.net,848 6th Avenue
426,Gretta,Czajkowska,gczajkowskabt@europa.eu,55 Pond Lane
427,Harry,Altofts,haltoftsbu@google.nl,31 Fremont Pass
428,Hildy,Beggini,hbegginibv@nps.gov,427 Di Loreto Circle
429,Ollie,Farey,ofareybw@nationalgeographic.com,81 Kinsman Pass
430,Audrie,Lere,alerebx@dedecms.com,92 Starling Place
431,Miner,Thiese,mthieseby@answers.com,6 Judy Place
432,Riki,Rogger,rroggerbz@dailymail.co.uk,1612 Autumn Leaf Pass
433,Rozella,Konert,rkonertc0@blogtalkradio.com,29 High Crossing Circle
434,Alvan,Smee,asmeec1@mediafire.com,89847 Arizona Circle
435,Cortney,Dobney,cdobneyc2@bloglovin.com,648 Bay Street
436,Adolphus,Shercliff,ashercliffc3@google.com.hk,243 Arrowood Place
437,Belva,Aronoff,baronoffc4@booking.com,10 Mayfield Trail
438,Pail,Poyle,ppoylec5@thetimes.co.uk,89018 North Park
439,Sibylle,Marchiso,smarchisoc6@freewebs.com,57 Warner Avenue
440,Roi,Dugald,rdugaldc7@google.com.hk,931 Eliot Court
441,Sallyanne,Lammenga,slammengac8@cisco.com,48709 Granby Street
442,Coreen,Kline,cklinec9@wix.com,34912 Montana Pass
443,Sisile,Hilldrop,shilldropca@buzzfeed.com,14652 Melody Street
444,Barbette,Flucker,bfluckercb@howstuffworks.com,6091 Elka Center
445,Obadias,Bruffell,obruffellcc@geocities.com,7 American Ash Park
446,Rafa,Platt,rplattcd@ycombinator.com,6 Mcbride Place
447,Ilka,Bartos,ibartosce@hc360.com,97523 Myrtle Junction
448,Townsend,Sharpous,tsharpouscf@jiathis.com,6 West Crossing
449,Bianka,Ghion,bghioncg@joomla.org,9517 Nobel Way
450,Klara,Cowderay,kcowderaych@odnoklassniki.ru,3 Montana Crossing
451,Christie,Skelbeck,cskelbeckci@hud.gov,4587 Goodland Center
452,Janela,Frenzel;,jfrenzelcj@ehow.com,58842 Loftsgordon Point
453,Baily,Dealtry,bdealtryck@yale.edu,6675 Rowland Point
454,Gilles,Simco,gsimcocl@japanpost.jp,11 Armistice Avenue
455,Thorvald,Wild,twildcm@gravatar.com,9938 Fordem Drive
456,Angelita,Mechic,amechiccn@acquirethisname.com,28 Hansons Lane
457,Morty,Stonhouse,mstonhouseco@elegantthemes.com,33 Moland Lane
458,Sheri,Moorhouse,smoorhousecp@ustream.tv,74414 Straubel Drive
459,Alisander,Righy,arighycq@pcworld.com,0 Lakewood Terrace
460,Otha,Manion,omanioncr@technorati.com,446 Arapahoe Court
461,Cissiee,Ransbury,cransburycs@upenn.edu,4786 Carberry Terrace
462,Maurie,Taffley,mtaffleyct@g.co,860 Walton Park
463,Algernon,Brinkler,abrinklercu@usa.gov,74709 Gateway Parkway
464,Grace,Hazley,ghazleycv@sbwire.com,97 Hoepker Pass
465,Urbain,Trengrove,utrengrovecw@foxnews.com,61725 Mockingbird Place
466,Cordula,Shreeve,cshreevecx@epa.gov,6450 Petterle Point
467,Pattin,Vorley,pvorleycy@bloglines.com,1123 Sugar Park
468,Gustie,Lamba,glambacz@mozilla.com,4371 Rutledge Junction
469,Lizabeth,Dundon,ldundond0@ihg.com,723 Corscot Point
470,Illa,De Gregario,idegregariod1@bravesites.com,0 Union Pass
471,Hillie,Izat,hizatd2@bbb.org,078 2nd Point
472,Orland,Blakiston,oblakistond3@sciencedirect.com,4 Independence Lane
473,Avie,Balls,aballsd4@arstechnica.com,8718 Center Point
474,Sandye,Burless,sburlessd5@spotify.com,4422 Saint Paul Parkway
475,Tessi,Mears,tmearsd6@sina.com.cn,08016 Shoshone Trail
476,Delmer,Bertouloume,dbertouloumed7@biblegateway.com,4 Crowley Center
477,Lulita,Basso,lbassod8@oaic.gov.au,96984 Beilfuss Place
478,Wainwright,Meagher,wmeagherd9@paypal.com,883 Acker Lane
479,Jade,Joint,jjointda@harvard.edu,62617 School Place
480,Claudio,Alloisi,calloisidb@over-blog.com,52 Ruskin Point
481,Anson,Pickhaver,apickhaverdc@xrea.com,1381 Grover Lane
482,Heddi,Doak,hdoakdd@gizmodo.com,8 Upham Way
483,Editha,McDonough,emcdonoughde@theglobeandmail.com,4 Ridgeway Lane
484,Gaelan,Skrines,gskrinesdf@t-online.de,70519 Erie Pass
485,Nathalia,Birley,nbirleydg@spiegel.de,8858 Becker Junction
486,Fayette,Brewett,fbrewettdh@google.cn,0617 Briar Crest Street
487,Patty,Poetz,ppoetzdi@geocities.com,86170 Harbort Place
488,Kristien,Tollerfield,ktollerfielddj@biblegateway.com,918 Manitowish Road
489,Sabine,Wass,swassdk@cornell.edu,1271 Aberg Parkway
490,Geoff,Matten,gmattendl@google.cn,1838 American Ash Terrace
491,Shelia,Schleswig-Holstein,sschleswigholsteindm@ebay.com,66608 Harper Way
492,Wolf,Eginton,wegintondn@senate.gov,0 Old Gate Junction
493,Garold,Aleshkov,galeshkovdo@cargocollective.com,255 American Road
494,Raychel,Verden,rverdendp@jugem.jp,568 Trailsway Circle
495,Hilde,Dignan,hdignandq@amazon.co.jp,16 Bobwhite Crossing
496,Amory,Fitzsymonds,afitzsymondsdr@bluehost.com,172 Maryland Center
497,Nolan,Gatiss,ngatissds@wordpress.com,51 Cardinal Place
498,Lemar,McAtamney,lmcatamneydt@pbs.org,5445 Sugar Pass
499,Ugo,Chalfont,uchalfontdu@mayoclinic.com,84 Grayhawk Court
500,Karlen,Fley,kfleydv@vkontakte.ru,23 Pearson Center
501,Glynnis,Preedy,gpreedydw@ft.com,3 Granby Alley
502,Devlen,Grim,dgrimdx@instagram.com,2 Rockefeller Crossing
503,Hildagard,Annes,hannesdy@yolasite.com,44081 Dakota Circle
504,Marlene,Giacopello,mgiacopellodz@va.gov,3915 Upham Place
505,Caroljean,Edgson,cedgsone0@miibeian.gov.cn,1 Green Ridge Trail
506,Waldon,Philippson,wphilippsone1@bbb.org,05 Del Mar Pass
507,Osbourne,Van der Krui,ovanderkruie2@discuz.net,29392 Badeau Court
508,Jobina,Baselli,jbasellie3@live.com,24373 Express Pass
509,Kerk,Woodsford,kwoodsforde4@hud.gov,87 Leroy Parkway
510,Nial,Paudin,npaudine5@apache.org,851 Menomonie Drive
511,Andrea,Ege,aegee6@technorati.com,98116 1st Court
512,Augusto,Laux,alauxe7@cornell.edu,3 Kenwood Junction
513,Dinnie,Gadney,dgadneye8@godaddy.com,72653 Valley Edge Way
514,Nert,Reedie,nreediee9@examiner.com,53226 Wayridge Point
515,Pren,Blissitt,pblissittea@guardian.co.uk,3 Pankratz Trail
516,Francisca,Blissitt,fblissitteb@ucsd.edu,2954 Texas Junction
517,Linus,Vearnals,lvearnalsec@chron.com,1548 Hoard Drive
518,Celine,Godfray,cgodfrayed@yale.edu,1 Holmberg Trail
519,Nealson,Hammerton,nhammertonee@house.gov,911 Kings Drive
520,Hayward,Guilayn,hguilaynef@1688.com,2 Lakeland Avenue
521,Petronia,Chastney,pchastneyeg@github.io,01174 Gulseth Trail
522,Rossie,Macvey,rmacveyeh@google.com.au,1600 Hudson Park
523,Elisha,Manna,emannaei@mashable.com,08377 Dorton Court
524,Jazmin,Espinas,jespinasej@samsung.com,1 Talisman Avenue
525,Bax,Castane,bcastaneek@cnn.com,75956 Iowa Point
526,Sapphire,Tokley,stokleyel@ibm.com,47 Elmside Terrace
527,Randene,Teaze,rteazeem@usnews.com,6 Londonderry Terrace
528,Emily,Ferriby,eferribyen@scribd.com,004 Merry Hill
529,Kattie,Glasson,kglassoneo@reference.com,76 Ronald Regan Road
530,Lyle,Spacy,lspacyep@tuttocitta.it,4167 Loftsgordon Pass
531,Ashlin,Giacopello,agiacopelloeq@nasa.gov,5624 Jackson Pass
532,Shayla,Neeson,sneesoner@biblegateway.com,3163 Mosinee Pass
533,Dorri,Strowan,dstrowanes@bing.com,4670 Westport Alley
534,Shane,Quinnelly,squinnellyet@yandex.ru,2 Northwestern Point
535,Fulton,Puckham,fpuckhameu@sphinn.com,5272 Dunning Park
536,Kenon,Joslin,kjoslinev@cdc.gov,8587 Northfield Avenue
537,Bobbette,Casina,bcasinaew@51.la,56458 Ryan Court
538,Kincaid,Pearcey,kpearceyex@deviantart.com,6 Orin Junction
539,Welbie,de Aguirre,wdeaguirreey@ebay.com,188 Prentice Hill
540,Sharl,Elcox,selcoxez@cnn.com,7 Starling Point
541,Hanson,Gripton,hgriptonf0@dell.com,1985 Brown Drive
542,Alexio,Gerty,agertyf1@blog.com,81 Bunker Hill Court
543,Renata,Pauleau,rpauleauf2@studiopress.com,17929 Chinook Pass
544,Adela,Dykes,adykesf3@gmpg.org,67111 Eastwood Place
545,Talia,Hanretty,thanrettyf4@dropbox.com,39773 Fuller Trail
546,Gifford,Dohmann,gdohmannf5@archive.org,718 Dexter Terrace
547,Hadleigh,Wandtke,hwandtkef6@forbes.com,262 Blaine Court
548,Christoforo,Vuitton,cvuittonf7@nps.gov,85990 Hoffman Place
549,Sonny,Bettinson,sbettinsonf8@indiegogo.com,725 Jana Pass
550,Rozella,Shearsby,rshearsbyf9@themeforest.net,4 Mitchell Way
551,Ofelia,Clark,oclarkfa@ox.ac.uk,3673 Mockingbird Park
552,Gabi,Pluck,gpluckfb@bravesites.com,8 Memorial Park
553,Shane,Tiller,stillerfc@house.gov,7 Ryan Parkway
554,Yorke,Baxandall,ybaxandallfd@sogou.com,5 Bluejay Hill
555,Ernie,Kneafsey,ekneafseyfe@tinyurl.com,764 Maywood Alley
556,Kirby,MacKibbon,kmackibbonff@meetup.com,8596 Charing Cross Street
557,Parsifal,Skellington,pskellingtonfg@adobe.com,35137 Grover Crossing
558,Claudianus,Lunt,cluntfh@symantec.com,4469 Annamark Way
559,Birdie,Matkin,bmatkinfi@cloudflare.com,50 Stone Corner Court
560,Alick,Fierman,afiermanfj@photobucket.com,60 Ronald Regan Point
561,Gisele,Martinelli,gmartinellifk@infoseek.co.jp,51 Northview Court
562,Collette,Abrahami,cabrahamifl@ezinearticles.com,48 Sutteridge Lane
563,Daphna,Hulkes,dhulkesfm@google.nl,574 Autumn Leaf Alley
564,Krystyna,Dymott,kdymottfn@jiathis.com,5502 Pierstorff Parkway
565,Rudy,Vlach,rvlachfo@dell.com,71952 Columbus Plaza
566,Jobina,Jeffels,jjeffelsfp@uol.com.br,64 Vera Parkway
567,Keeley,Leivesley,kleivesleyfq@google.nl,593 Hoepker Court
568,Maxie,Millan,mmillanfr@cpanel.net,264 Leroy Place
569,Krishnah,Lorenzo,klorenzofs@aboutads.info,33 Onsgard Alley
570,Kristi,Portingale,kportingaleft@pinterest.com,5 Goodland Plaza
571,Shermie,Tibbs,stibbsfu@newsvine.com,121 Summit Hill
572,Lin,Denial,ldenialfv@wsj.com,829 Melvin Way
573,Janeta,Castles,jcastlesfw@wordpress.org,483 Orin Point
574,Leighton,Lydster,llydsterfx@eepurl.com,16769 Dexter Trail
575,Idette,Southcott,isouthcottfy@icq.com,2 Vera Point
576,Isaak,Castenda,icastendafz@com.com,94892 Fisk Road
577,Deborah,Wisden,dwisdeng0@jiathis.com,8 Elka Trail
578,Brunhilda,Trayes,btrayesg1@biglobe.ne.jp,843 Kipling Drive
579,Sully,Brazil,sbrazilg2@rediff.com,709 Aberg Street
580,Eddie,Davinet,edavinetg3@seattletimes.com,06 Schlimgen Way
581,Moise,Nicol,mnicolg4@thetimes.co.uk,85473 Eggendart Park
582,Orrin,Richter,orichterg5@networkadvertising.org,11 Rutledge Terrace
583,Fin,Godlee,fgodleeg6@multiply.com,5 Dixon Terrace
584,Cilka,Bechley,cbechleyg7@unicef.org,5870 Kensington Trail
585,Raoul,Scorer,rscorerg8@networkadvertising.org,709 Almo Hill
586,Terri,Menilove,tmeniloveg9@ustream.tv,831 Hermina Drive
587,Shirl,Dollar,sdollarga@behance.net,0 Little Fleur Pass
588,Mord,Mascall,mmascallgb@reuters.com,5151 Magdeline Point
589,Zacharia,Till,ztillgc@foxnews.com,19890 Basil Junction
590,Tyson,Dingivan,tdingivangd@behance.net,8 Crownhardt Circle
591,Idaline,Ratnege,iratnegege@sun.com,0700 Esker Center
592,Aimee,Westlake,awestlakegf@spiegel.de,284 Coleman Center
593,Trula,Samples,tsamplesgg@wsj.com,67296 Springview Point
594,Fionna,Swadon,fswadongh@sitemeter.com,00 Anniversary Place
595,Magnum,Burmaster,mburmastergi@bravesites.com,6 Ohio Center
596,Humfrid,Paton,hpatongj@who.int,2907 West Junction
597,Elinore,Bristow,ebristowgk@adobe.com,6 Derek Point
598,Gill,Rotherforth,grotherforthgl@umich.edu,2 Burning Wood Center
599,Jourdan,Feather,jfeathergm@spotify.com,601 Golf Course Street
600,Levey,MacDowall,lmacdowallgn@com.com,3 Delladonna Parkway
601,Debbi,Saye,dsayego@ehow.com,5 Pine View Road
602,Engracia,MacCartair,emaccartairgp@forbes.com,921 Tennessee Center
603,Lesley,Golt,lgoltgq@buzzfeed.com,47 Bonner Hill
604,Andros,Reyburn,areyburngr@domainmarket.com,66 Melody Parkway
605,Richmond,Fullick,rfullickgs@skyrock.com,4761 Dovetail Park
606,Alwyn,Garriock,agarriockgt@dell.com,9598 Hoffman Plaza
607,Aime,Attwood,aattwoodgu@accuweather.com,61 Heath Place
608,Windham,Goley,wgoleygv@privacy.gov.au,4996 Parkside Way
609,Douglas,Brittain,dbrittaingw@google.com.br,889 John Wall Point
610,Kelby,Overel,koverelgx@irs.gov,6 Banding Alley
611,Jervis,Colliber,jcollibergy@sbwire.com,6102 Anzinger Drive
612,Dianna,Middlebrook,dmiddlebrookgz@ca.gov,58958 Rusk Lane
613,Tildi,Mattheis,tmattheish0@newyorker.com,56 Sunnyside Avenue
614,Myrtle,Clowton,mclowtonh1@cafepress.com,4828 Swallow Point
615,Flem,Chipps,fchippsh2@engadget.com,5 Kingsford Park
616,Bobina,Ortmann,bortmannh3@smugmug.com,39 Chinook Terrace
617,Dominique,Loy,dloyh4@webeden.co.uk,7 Fairview Alley
618,Hanson,Clemont,hclemonth5@ovh.net,90889 Sullivan Center
619,Augustine,Samet,asameth6@latimes.com,5734 Glacier Hill Avenue
620,Ram,Hamm,rhammh7@jugem.jp,952 Killdeer Drive
621,Trumaine,Rudolfer,trudolferh8@e-recht24.de,42640 Eastwood Parkway
622,Oliver,Lyst,olysth9@dell.com,459 Mesta Court
623,Austin,O'Hickey,aohickeyha@weebly.com,10037 Moose Alley
624,Kimberly,Ruddiforth,kruddiforthhb@home.pl,564 Rusk Point
625,Catarina,Coskerry,ccoskerryhc@lycos.com,1445 Macpherson Alley
626,Ottilie,Dubbin,odubbinhd@macromedia.com,9584 Brown Plaza
627,Ariadne,Chessill,achessillhe@wix.com,575 Eastlawn Way
628,Rachael,Cawdell,rcawdellhf@ning.com,9007 Cordelia Circle
629,Rodger,Gray,rgrayhg@desdev.cn,1 West Parkway
630,Kelbee,Ommundsen,kommundsenhh@independent.co.uk,65 Colorado Place
631,Alvis,Smallman,asmallmanhi@ow.ly,21821 Sunbrook Avenue
632,Bobbye,McElane,bmcelanehj@berkeley.edu,4709 Division Junction
633,Ezri,St. Queintain,estqueintainhk@ca.gov,3965 Homewood Park
634,Parrnell,Brogi,pbrogihl@cisco.com,9526 Emmet Plaza
635,Emanuele,Ortner,eortnerhm@ameblo.jp,88 Thompson Road
636,Sammy,Hubback,shubbackhn@netscape.com,8319 Corben Avenue
637,Renelle,Wynn,rwynnho@independent.co.uk,205 Bluejay Place
638,Josey,Bradnam,jbradnamhp@ihg.com,7498 Rutledge Lane
639,Maggy,Cashin,mcashinhq@whitehouse.gov,4584 Thackeray Place
640,Barton,Greenless,bgreenlesshr@fema.gov,265 Anthes Lane
641,Israel,Goolding,igooldinghs@digg.com,0 Pierstorff Hill
642,Madelyn,Gammell,mgammellht@yahoo.com,574 Lyons Trail
643,Anthony,Quigley,aquigleyhu@intel.com,257 Maryland Place
644,Felicle,Allcock,fallcockhv@spiegel.de,4 Atwood Plaza
645,Sherri,Frow,sfrowhw@jimdo.com,2 Anzinger Crossing
646,Kellie,Seathwright,kseathwrighthx@prlog.org,482 Kedzie Circle
647,Matias,Engelmann,mengelmannhy@wsj.com,485 8th Road
648,Glenine,Hanks,ghankshz@barnesandnoble.com,0843 Northridge Place
649,Karia,Loutheane,kloutheanei0@mayoclinic.com,65 Ilene Avenue
650,Arni,Gabbitis,agabbitisi1@stumbleupon.com,2 Lake View Circle
651,Theo,Burghall,tburghalli2@devhub.com,0429 Grim Place
652,Georgette,Gludor,ggludori3@admin.ch,0 Hallows Avenue
653,Joela,Benzies,jbenziesi4@storify.com,3023 Lerdahl Alley
654,Vania,Garroway,vgarrowayi5@google.nl,60214 Columbus Way
655,Dona,Nielson,dnielsoni6@feedburner.com,27901 Loomis Crossing
656,Bartholomeus,Gracewood,bgracewoodi7@un.org,3 Ryan Trail
657,Kyle,Facchini,kfacchinii8@nydailynews.com,89 Duke Court
658,Blythe,Suttle,bsuttlei9@altervista.org,451 Twin Pines Point
659,Nicolas,Viegas,nviegasia@springer.com,96 Lerdahl Lane
660,Rhianna,Antoniewicz,rantoniewiczib@aboutads.info,4575 Upham Road
661,Susanetta,Tyreman,styremanic@dyndns.org,43481 Blackbird Avenue
662,Nancee,Ingolotti,ningolottiid@pen.io,4 Union Park
663,Teddy,Fernier,tfernierie@gravatar.com,2733 Oxford Terrace
664,Collette,Illes,cillesif@nymag.com,27167 Southridge Center
665,Laure,Tomicki,ltomickiig@paginegialle.it,52 Buena Vista Alley
666,Dionis,Leynham,dleynhamih@amazonaws.com,3831 Birchwood Junction
667,Breanne,Naisbit,bnaisbitii@ehow.com,1 Springview Crossing
668,Babara,Magne,bmagneij@meetup.com,1 Emmet Lane
669,Raphael,Pitkeathley,rpitkeathleyik@meetup.com,4103 Bluestem Center
670,Neal,Fries,nfriesil@bigcartel.com,06 Dakota Parkway
671,Shelli,Lenz,slenzim@reuters.com,7286 Dixon Hill
672,Averil,Helsby,ahelsbyin@blogtalkradio.com,097 Northfield Street
673,Pietro,Delacroux,pdelacrouxio@elegantthemes.com,7 Petterle Way
674,Celka,Stollenwerck,cstollenwerckip@java.com,8 Barby Pass
675,Inigo,Gigg,igiggiq@zdnet.com,29 Sunbrook Lane
676,Gibbie,Glassard,gglassardir@bigcartel.com,902 Warrior Center
677,Aurilia,Wenderott,awenderottis@livejournal.com,7394 Columbus Crossing
678,Mag,Grindell,mgrindellit@infoseek.co.jp,0085 Westport Lane
679,Cherin,Santer,csanteriu@4shared.com,97 Marcy Terrace
680,Eugenius,Foxwell,efoxwelliv@fotki.com,164 Holy Cross Parkway
681,Kathleen,Bicker,kbickeriw@cam.ac.uk,43691 Kings Avenue
682,Wilburt,Malafe,wmalafeix@forbes.com,68198 Roxbury Hill
683,Penrod,Rawling,prawlingiy@squarespace.com,11 Eastwood Pass
684,Cosette,Perulli,cperulliiz@vk.com,358 Heffernan Park
685,Kimberlee,Virgin,kvirginj0@facebook.com,3 Fremont Junction
686,Bibby,O'Fallone,bofallonej1@geocities.com,6427 Hayes Way
687,Bee,Milverton,bmilvertonj2@samsung.com,60270 Roth Alley
688,Zelig,Bampkin,zbampkinj3@mtv.com,36 Laurel Way
689,Emmett,Brosio,ebrosioj4@home.pl,9365 Golf View Trail
690,Helge,O'Heagertie,hoheagertiej5@wikispaces.com,6 Anniversary Center
691,Egor,Starten,estartenj6@timesonline.co.uk,72 Northridge Plaza
692,Alfonse,Thomazin,athomazinj7@miibeian.gov.cn,5 Commercial Place
693,Bevin,Burkert,bburkertj8@deviantart.com,6 Havey Point
694,Tynan,Jaffra,tjaffraj9@google.pl,0159 Buell Plaza
695,Sanders,Kintzel,skintzelja@rambler.ru,21 Dennis Circle
696,Ericha,Mallen,emallenjb@reverbnation.com,4891 Cottonwood Terrace
697,Thalia,Dilley,tdilleyjc@ameblo.jp,1 Tennessee Drive
698,Gardy,Deuss,gdeussjd@altervista.org,7 Scott Park
699,Wye,Tuffrey,wtuffreyje@51.la,236 Walton Plaza
700,Jermayne,Dawnay,jdawnayjf@whitehouse.gov,231 Bartelt Center
701,Moina,Prettyjohn,mprettyjohnjg@technorati.com,060 Fallview Circle
702,Sorcha,Shorthill,sshorthilljh@google.com.br,10 Village Green Avenue
703,Raynard,Djurevic,rdjurevicji@behance.net,13 David Park
704,Barry,McIlenna,bmcilennajj@wunderground.com,1 Anzinger Way
705,Ellis,Hamlin,ehamlinjk@multiply.com,7 Myrtle Crossing
706,Kennie,Ofield,kofieldjl@independent.co.uk,1 Dahle Place
707,Artus,Pepye,apepyejm@usda.gov,8375 Clemons Lane
708,Hilly,Camoys,hcamoysjn@booking.com,7437 Lake View Park
709,Thalia,Isaac,tisaacjo@unesco.org,8 Stoughton Pass
710,Bear,McClune,bmcclunejp@msu.edu,268 Fremont Pass
711,Ray,Morillas,rmorillasjq@cdbaby.com,834 Dottie Park
712,Flore,Rimour,frimourjr@imdb.com,37 Hoepker Alley
713,Michaella,Santostefano.,msantostefanojs@senate.gov,9246 Katie Way
714,Teodora,Durno,tdurnojt@dailymail.co.uk,93042 Aberg Circle
715,Prinz,Gerler,pgerlerju@aboutads.info,29 Norway Maple Alley
716,Gray,Redolfi,gredolfijv@sohu.com,74835 Elmside Plaza
717,Lila,Groll,lgrolljw@blogs.com,10312 Pepper Wood Drive
718,Caz,Cuddy,ccuddyjx@oaic.gov.au,13551 Oneill Way
719,Frankie,Cominotti,fcominottijy@umn.edu,1 Melrose Circle
720,Ewan,Sheryn,esherynjz@usa.gov,41 Springs Street
721,Sephira,Kubelka,skubelkak0@utexas.edu,82666 Little Fleur Center
722,Hewet,Escalera,hescalerak1@yolasite.com,01 Rusk Drive
723,Trip,Petheridge,tpetheridgek2@ycombinator.com,76124 South Court
724,Chip,Josephson,cjosephsonk3@free.fr,427 Mosinee Terrace
725,Gilligan,Viall,gviallk4@1688.com,1 Kim Alley
726,Mallorie,Shearer,mshearerk5@ow.ly,127 Gale Court
727,Blisse,Hooban,bhoobank6@nymag.com,6939 Portage Center
728,Rana,Chesnut,rchesnutk7@vkontakte.ru,422 Westport Way
729,Any,Hanscombe,ahanscombek8@mozilla.org,413 Morning Hill
730,Lorilee,Befroy,lbefroyk9@hao123.com,13909 Manley Park
731,Stavros,Jedrzej,sjedrzejka@xinhuanet.com,928 Pierstorff Parkway
732,Gabie,Amthor,gamthorkb@ibm.com,647 Carey Pass
733,Gasparo,Guilfoyle,gguilfoylekc@a8.net,11 Toban Lane
734,Vick,Levens,vlevenskd@1und1.de,893 Melody Alley
735,Rriocard,Compfort,rcompfortke@ucoz.com,91035 Commercial Trail
736,Sukey,Biles,sbileskf@icq.com,8 Fairview Trail
737,Benedikta,Thickin,bthickinkg@ucoz.com,61829 Pawling Avenue
738,Nikita,Prott,nprottkh@oaic.gov.au,7616 Ridgeway Avenue
739,Tildie,Wimpress,twimpresski@tumblr.com,632 Luster Crossing
740,Sonnnie,Matignon,smatignonkj@seattletimes.com,87924 Summer Ridge Road
741,Tyson,Clawsley,tclawsleykk@purevolume.com,44 Twin Pines Junction
742,Oona,Willoughway,owilloughwaykl@mtv.com,40066 Golf Place
743,Sophi,Tokell,stokellkm@kickstarter.com,4528 Blaine Parkway
744,Pippa,Nanetti,pnanettikn@home.pl,9 Darwin Junction
745,Brenna,Ollerearnshaw,bollerearnshawko@ucsd.edu,7112 Hoard Street
746,Annabel,Trenholme,atrenholmekp@eepurl.com,2854 Holmberg Center
747,Lilly,Wigginton,lwiggintonkq@google.es,12937 Sage Court
748,Danell,Durnan,ddurnankr@purevolume.com,6477 Linden Circle
749,Faunie,Choake,fchoakeks@vkontakte.ru,651 7th Plaza
750,Dorey,Carmont,dcarmontkt@facebook.com,9 Judy Trail
751,Nappie,Gorvette,ngorvetteku@mtv.com,40878 Lake View Street
752,Colline,Hayden,chaydenkv@discuz.net,8 Lyons Alley
753,Lion,Koop,lkoopkw@youtube.com,26 Schiller Terrace
754,Bibi,Quinby,bquinbykx@purevolume.com,1 Crownhardt Point
755,Shelby,Kiddy,skiddyky@tmall.com,6 Leroy Center
756,Gertrud,Sager,gsagerkz@github.io,64786 Tennyson Way
757,Harlen,Cogin,hcoginl0@istockphoto.com,24 Elmside Center
758,Nealon,Brocks,nbrocksl1@github.io,92 Packers Court
759,Jarib,Scantleberry,jscantleberryl2@mediafire.com,72315 Fisk Point
760,Tedie,Deere,tdeerel3@merriam-webster.com,3543 Arkansas Street
761,Aviva,Weightman,aweightmanl4@dailymotion.com,63588 Mcbride Road
762,Lyon,Hagger,lhaggerl5@spiegel.de,055 Green Ridge Way
763,Lillian,Knowling,lknowlingl6@trellian.com,72493 Lien Street
764,Brittney,Shearn,bshearnl7@unesco.org,466 Texas Pass
765,Ferdinand,Reignould,freignouldl8@i2i.jp,6 Kings Center
766,Janeta,Dockrey,jdockreyl9@mlb.com,02051 Ilene Center
767,Glynda,Mallia,gmalliala@51.la,5467 Thierer Court
768,Ardisj,Peggram,apeggramlb@nytimes.com,40 Chive Drive
769,Lindon,Matuszyk,lmatuszyklc@netlog.com,2 Vermont Hill
770,Gabie,Reignolds,greignoldsld@privacy.gov.au,259 Vermont Street
771,Noella,Kunert,nkunertle@salon.com,341 Kennedy Road
772,Coriss,Sawrey,csawreylf@pagesperso-orange.fr,38615 Nevada Trail
773,Margarette,Crathorne,mcrathornelg@istockphoto.com,88264 Bartelt Point
774,Avram,Rosengarten,arosengartenlh@shutterfly.com,007 7th Circle
775,Fitz,Bragge,fbraggeli@nih.gov,2460 2nd Circle
776,Barb,Filintsev,bfilintsevlj@dailymail.co.uk,89 Holmberg Terrace
777,Cymbre,Butt Gow,cbuttgowlk@so-net.ne.jp,0599 Badeau Road
778,Felicity,North,fnorthll@columbia.edu,81 West Alley
779,Tyson,Ezzell,tezzelllm@bandcamp.com,7 Oakridge Road
780,Lorette,Tayspell,ltayspellln@unblog.fr,46929 Eastlawn Pass
781,Staci,Holde,sholdelo@fema.gov,6 Knutson Crossing
782,Flem,MacLeod,fmacleodlp@gravatar.com,9273 Lukken Avenue
783,Latisha,O'Lehane,lolehanelq@163.com,7217 Rigney Alley
784,Sheridan,Iddy,siddylr@sourceforge.net,5757 Meadow Valley Place
785,Missie,Champney,mchampneyls@slate.com,4 Westridge Trail
786,Elfreda,Sutehall,esutehalllt@nytimes.com,51 Holmberg Road
787,Mavis,Johantges,mjohantgeslu@livejournal.com,5 Forster Point
788,Buffy,Ledbetter,bledbetterlv@elegantthemes.com,869 Northridge Lane
789,Tammy,Richard,trichardlw@wikimedia.org,027 Reinke Hill
790,Perle,Bass,pbasslx@businesswire.com,44146 Hovde Circle
791,Nara,Kairns,nkairnsly@va.gov,07089 Moose Parkway
792,Chan,Tomaino,ctomainolz@mail.ru,7106 Cascade Way
793,Ugo,Mounter,umounterm0@upenn.edu,10 Canary Hill
794,Cris,Rouby,croubym1@nifty.com,0578 Laurel Junction
795,Killy,Sothcott,ksothcottm2@nsw.gov.au,06954 Lighthouse Bay Street
796,Tadeas,Folbig,tfolbigm3@edublogs.org,126 Mcbride Parkway
797,Fallon,Preshous,fpreshousm4@columbia.edu,3047 Namekagon Alley
798,Fidole,Cammoile,fcammoilem5@github.io,6 Kropf Circle
799,Duky,Griffen,dgriffenm6@netscape.com,846 Westerfield Crossing
800,Reeva,Cawsey,rcawseym7@go.com,8 Randy Street
801,Clive,Francais,cfrancaism8@eepurl.com,00566 Manitowish Circle
802,Jereme,Rymer,jrymerm9@i2i.jp,99150 Dixon Place
803,Kerianne,Rubbens,krubbensma@newyorker.com,28587 Hoepker Road
804,Cornall,Umney,cumneymb@nbcnews.com,9771 Saint Paul Plaza
805,Matthieu,Alleburton,malleburtonmc@shareasale.com,3 Judy Plaza
806,Ynez,Davidek,ydavidekmd@squarespace.com,1599 Bunting Way
807,Pet,Margeram,pmargeramme@weather.com,28278 Killdeer Trail
808,Tish,Heyfield,theyfieldmf@jimdo.com,467 Ludington Parkway
809,Laird,McChesney,lmcchesneymg@businessinsider.com,7587 Hauk Center
810,Farah,Winson,fwinsonmh@time.com,6 Packers Crossing
811,Tobit,Scargill,tscargillmi@a8.net,70 Rutledge Way
812,Griswold,Gorini,ggorinimj@sun.com,33 Bartelt Drive
813,Devon,O'Gavin,dogavinmk@gizmodo.com,2312 Artisan Junction
814,Melodie,Daubeny,mdaubenyml@webnode.com,7757 Nova Junction
815,Katheryn,Greneham,kgrenehammm@cdc.gov,8 Red Cloud Street
816,Horton,Kryska,hkryskamn@geocities.com,26 Kipling Center
817,Garrott,Gentiry,ggentirymo@gizmodo.com,41314 Haas Drive
818,Amalee,De Vere,adeveremp@cdbaby.com,569 Jenna Lane
819,Wren,Warmisham,wwarmishammq@wikipedia.org,127 Reindahl Pass
820,Trent,Haggus,thaggusmr@fda.gov,7 Grover Avenue
821,Valle,Redhouse,vredhousems@yahoo.co.jp,3 Tony Crossing
822,Rafael,Flindall,rflindallmt@i2i.jp,448 Northland Crossing
823,Tallie,Povey,tpoveymu@prweb.com,9 Independence Street
824,Coral,Fiveash,cfiveashmv@wikipedia.org,825 Hintze Center
825,Ayn,Bountiff,abountiffmw@ycombinator.com,0 Mccormick Parkway
826,Becka,Folkard,bfolkardmx@hatena.ne.jp,92741 Butternut Point
827,Mohammed,holmes,mholmesmy@wsj.com,3 Barby Road
828,Jordain,Corbert,jcorbertmz@360.cn,8 Melody Drive
829,Gertrude,Graveston,ggravestonn0@posterous.com,4 Blackbird Way
830,Umeko,Bambridge,ubambridgen1@netlog.com,31053 Anniversary Park
831,Gilda,Smout,gsmoutn2@mysql.com,1464 Lawn Drive
832,Ashlee,Tenby,atenbyn3@moonfruit.com,80102 Caliangt Lane
833,Ofelia,Beaze,obeazen4@nydailynews.com,2 Miller Pass
834,Desirae,Dolton,ddoltonn5@unicef.org,16 Dawn Trail
835,Stafford,Mariot,smariotn6@cnbc.com,4 Ludington Plaza
836,Hallsy,Penberthy,hpenberthyn7@live.com,4 Leroy Trail
837,Marylinda,Pidgen,mpidgenn8@digg.com,2726 Comanche Avenue
838,Brand,Sellstrom,bsellstromn9@ft.com,78 6th Avenue
839,Randie,Syme,rsymena@huffingtonpost.com,7 Longview Point
840,Mildred,McCullough,mmcculloughnb@tuttocitta.it,7 Ilene Street
841,Chloette,Rayner,craynernc@sciencedirect.com,9570 Haas Center
842,Elijah,Kinnerley,ekinnerleynd@nyu.edu,8 Linden Court
843,Hollyanne,MacGahy,hmacgahyne@google.fr,730 Buell Hill
844,Ollie,Cullin,ocullinnf@washingtonpost.com,70 Oxford Drive
845,Cathee,Preuvost,cpreuvostng@furl.net,75732 Melody Trail
846,Wally,Kubicek,wkubiceknh@hhs.gov,49 Schurz Terrace
847,Candida,Winterbotham,cwinterbothamni@sphinn.com,7 Eagle Crest Trail
848,Tabb,Houlton,thoultonnj@rambler.ru,73504 Becker Junction
849,Bambi,Cullrford,bcullrfordnk@tinyurl.com,488 Stang Circle
850,Tisha,Pickvance,tpickvancenl@geocities.jp,659 Brentwood Pass
851,Jermain,Jatczak,jjatczaknm@vinaora.com,3554 2nd Plaza
852,Elli,Folli,efollinn@example.com,547 Grover Drive
853,Der,Alphege,dalphegeno@qq.com,03 Reinke Alley
854,Obie,Lawrenceson,olawrencesonnp@dell.com,50015 Killdeer Way
855,Lamond,Sterley,lsterleynq@reuters.com,9 Calypso Avenue
856,Wally,Matuszinski,wmatuszinskinr@earthlink.net,4 Bultman Circle
857,Dru,Rubery,druberyns@slashdot.org,35492 Moland Park
858,Michaelina,Dalgleish,mdalgleishnt@samsung.com,3474 Westridge Court
859,Esra,Gethins,egethinsnu@xinhuanet.com,76515 Armistice Circle
860,Vernice,Theis,vtheisnv@reuters.com,041 Mariners Cove Court
861,Biddie,Leppard,bleppardnw@odnoklassniki.ru,78211 Spenser Junction
862,Giana,Cocklie,gcocklienx@cdc.gov,1863 Springs Way
863,Alex,Switsur,aswitsurny@privacy.gov.au,9 Oriole Alley
864,Seumas,Ramsbottom,sramsbottomnz@imageshack.us,3 Cherokee Court
865,Becka,Lowater,blowatero0@xinhuanet.com,515 Shasta Terrace
866,Rosalinde,Artrick,rartricko1@icq.com,1956 School Pass
867,Aldon,Smeeth,asmeetho2@smh.com.au,353 Jackson Lane
868,Ingram,Spreckley,ispreckleyo3@1und1.de,5212 Cottonwood Hill
869,Ange,Sywell,asywello4@cloudflare.com,03 Erie Way
870,Berty,Kendall,bkendallo5@is.gd,134 Merry Park
871,Liliane,Kilday,lkildayo6@about.me,403 Hansons Center
872,Benyamin,Piddlehinton,bpiddlehintono7@ebay.com,06886 Fisk Alley
873,Joshia,Pinock,jpinocko8@icio.us,943 Blaine Road
874,Ettore,Shellum,eshellumo9@soundcloud.com,471 Forest Run Circle
875,Kirby,Kelly,kkellyoa@timesonline.co.uk,94 Melrose Parkway
876,Verna,Rainton,vraintonob@buzzfeed.com,0 Summit Crossing
877,Alaric,Magne,amagneoc@elegantthemes.com,17588 Canary Alley
878,Grannie,Riehm,griehmod@elpais.com,252 Emmet Hill
879,Gilda,Forcer,gforceroe@google.ru,94 Sachtjen Road
880,Whitney,Shama,wshamaof@drupal.org,1 Ilene Avenue
881,Mikkel,Bourner,mbournerog@discovery.com,7448 Fieldstone Center
882,Lyndsey,Roose,lrooseoh@wisc.edu,93 Cardinal Junction
883,Ilario,Borwick,iborwickoi@simplemachines.org,81 Manley Avenue
884,Dagmar,Zmitrovich,dzmitrovichoj@stanford.edu,5648 Spohn Trail
885,Dag,Reckless,drecklessok@trellian.com,65 Knutson Alley
886,Halimeda,Chipman,hchipmanol@4shared.com,2919 Ronald Regan Drive
887,Jaimie,Joskowicz,jjoskowiczom@multiply.com,654 Boyd Trail
888,Rosette,Swine,rswineon@blogger.com,161 Upham Alley
889,Farand,Reeves,freevesoo@earthlink.net,19 Steensland Circle
890,Gradey,Gladdin,ggladdinop@reverbnation.com,4278 Drewry Alley
891,Tierney,Ambroisin,tambroisinoq@apple.com,99795 Logan Plaza
892,Starlene,Lavington,slavingtonor@livejournal.com,07561 Bashford Center
893,Desirae,Greatbank,dgreatbankos@hibu.com,17 Ridgeway Park
894,Trixie,Kenan,tkenanot@rambler.ru,5 Muir Hill
895,Yelena,Ternent,yternentou@microsoft.com,591 Schiller Avenue
896,Gene,Cosford,gcosfordov@goo.ne.jp,5351 Kipling Drive
897,Diann,Filshin,dfilshinow@globo.com,8 Nelson Center
898,Simone,Ferminger,sfermingerox@gnu.org,7 Messerschmidt Crossing
899,Marge,Wild,mwildoy@ifeng.com,5 Ohio Terrace
900,Alberta,Casaro,acasarooz@reverbnation.com,50 Myrtle Trail
901,Reggie,Greneham,rgrenehamp0@narod.ru,0 Artisan Place
902,Alia,Bradder,abradderp1@flickr.com,81777 Nancy Terrace
903,Paolina,Westby,pwestbyp2@msn.com,4021 Red Cloud Hill
904,Benedicto,Woodhead,bwoodheadp3@addtoany.com,682 Hintze Street
905,Sayres,Wheildon,swheildonp4@g.co,23 Holmberg Street
906,Cosme,Alden,caldenp5@mediafire.com,5 Stoughton Avenue
907,Gnni,Sahnow,gsahnowp6@un.org,477 Grim Lane
908,Ginevra,Gallop,ggallopp7@marketwatch.com,458 Rockefeller Point
909,Harris,Kean,hkeanp8@youtu.be,3 School Center
910,Orin,Odgers,oodgersp9@printfriendly.com,12 Rutledge Terrace
911,Bartholomew,Cundy,bcundypa@jiathis.com,37452 Cascade Place
912,Winny,Triggel,wtriggelpb@dailymail.co.uk,21949 Clemons Crossing
913,Bevin,Stitwell,bstitwellpc@narod.ru,8976 Dryden Junction
914,Petronella,Castellini,pcastellinipd@psu.edu,8803 Eastlawn Junction
915,Malchy,Gough,mgoughpe@pinterest.com,464 Susan Street
916,Meir,Livings,mlivingspf@unicef.org,031 Scott Junction
917,Dermot,Grebert,dgrebertpg@twitpic.com,3 Armistice Trail
918,Woodrow,Pitkins,wpitkinsph@youtu.be,72 Fair Oaks Avenue
919,Ricky,Andriessen,randriessenpi@freewebs.com,8 Dapin Crossing
920,Orelee,McKimm,omckimmpj@adobe.com,91 Eagle Crest Plaza
921,Dud,Shevels,dshevelspk@timesonline.co.uk,6533 Manufacturers Park
922,Hazel,Gudge,hgudgepl@webnode.com,26 Mcguire Hill
923,Devonna,Baldam,dbaldampm@msn.com,2706 Pennsylvania Circle
924,Vally,Wetherhead,vwetherheadpn@state.tx.us,90661 Melrose Hill
925,Ashlan,Athersmith,aathersmithpo@gizmodo.com,454 Anderson Parkway
926,Alberto,Simonot,asimonotpp@ted.com,7743 Petterle Center
927,Husein,Locksley,hlocksleypq@ucsd.edu,8883 Everett Terrace
928,Ludovika,Puckrin,lpuckrinpr@theglobeandmail.com,78515 Sachtjen Junction
929,Lisetta,Reven,lrevenps@over-blog.com,18515 Northland Center
930,Cinnamon,Lerohan,clerohanpt@guardian.co.uk,00 Valley Edge Court
931,Maria,Fidge,mfidgepu@ow.ly,5477 Mccormick Hill
932,Job,Charpin,jcharpinpv@jalbum.net,74 Claremont Point
933,Romonda,Ramm,rrammpw@flavors.me,6 Carey Park
934,Kennith,Lindblad,klindbladpx@hp.com,1121 Killdeer Terrace
935,Almeda,Colthard,acolthardpy@alibaba.com,604 Pennsylvania Plaza
936,Camella,Elph,celphpz@4shared.com,19 Carey Crossing
937,Grady,Johnikin,gjohnikinq0@marriott.com,84768 Schiller Circle
938,Nessie,Goolden,ngooldenq1@mapy.cz,491 Steensland Hill
939,Kenna,Codrington,kcodringtonq2@tumblr.com,291 Lukken Lane
940,Karena,Bodd,kboddq3@goodreads.com,974 Hudson Point
941,Lelah,Beisley,lbeisleyq4@howstuffworks.com,3 Vernon Pass
942,Beauregard,Hallbird,bhallbirdq5@unblog.fr,1 Jenifer Alley
943,Edithe,Storkes,estorkesq6@4shared.com,31 Coleman Way
944,Dulciana,Goldes,dgoldesq7@dropbox.com,0426 Northport Trail
945,Edmon,Jean,ejeanq8@oracle.com,59731 Mallory Hill
946,Garrard,Dami,gdamiq9@csmonitor.com,9 Jackson Street
947,Anya,Dukesbury,adukesburyqa@stanford.edu,554 Leroy Lane
948,Jennine,Anan,jananqb@sciencedaily.com,86168 John Wall Pass
949,Vanna,Constantinou,vconstantinouqc@samsung.com,01 Sycamore Plaza
950,Eward,Gentric,egentricqd@columbia.edu,21 Fremont Lane
951,Sal,Bonn,sbonnqe@newsvine.com,9365 Almo Street
952,Mona,Tattersfield,mtattersfieldqf@phoca.cz,36 Green Junction
953,Darill,Badcock,dbadcockqg@wsj.com,78741 Hanson Drive
954,Dilly,O'Driscoll,dodriscollqh@economist.com,8 Grasskamp Circle
955,Hedvig,Benley,hbenleyqi@washingtonpost.com,05 Cambridge Crossing
956,Nalani,Aldwich,naldwichqj@yelp.com,8762 Magdeline Drive
957,Melania,Denacamp,mdenacampqk@goo.ne.jp,26 Cottonwood Crossing
958,Christalle,Furmagier,cfurmagierql@google.cn,0718 Springview Court
959,Daniela,Rove,droveqm@nytimes.com,6367 Farragut Alley
960,Vincenty,Atley,vatleyqn@nhs.uk,31078 Milwaukee Plaza
961,Eilis,Gouldthorpe,egouldthorpeqo@marketwatch.com,5362 Onsgard Point
962,Onida,Markos,omarkosqp@gov.uk,28 Eliot Crossing
963,Worthy,Fehely,wfehelyqq@opera.com,4 Kingsford Way
964,Eveleen,Hiland,ehilandqr@hugedomains.com,572 4th Crossing
965,Sigismund,Danahar,sdanaharqs@unicef.org,62860 Pawling Junction
966,Siana,Foystone,sfoystoneqt@toplist.cz,1577 Karstens Court
967,Dante,Boyle,dboylequ@engadget.com,4443 Hansons Park
968,Maddalena,Sowle,msowleqv@constantcontact.com,573 Fair Oaks Point
969,Max,McHaffy,mmchaffyqw@canalblog.com,722 Center Avenue
970,Ronni,Rackley,rrackleyqx@salon.com,2256 Thompson Drive
971,Laird,Esland,leslandqy@squidoo.com,5736 Dottie Terrace
972,Alistair,Guthrum,aguthrumqz@wikispaces.com,33730 Bluestem Park
973,Zenia,Hawksley,zhawksleyr0@fema.gov,88 Sommers Lane
974,Darcey,Dengate,ddengater1@bandcamp.com,7 Fieldstone Circle
975,Barret,Czajka,bczajkar2@cornell.edu,8 Marcy Point
976,Mab,Aireton,mairetonr3@shop-pro.jp,9 Marcy Road
977,Urbanus,Hourihan,uhourihanr4@cloudflare.com,95398 Algoma Trail
978,Onida,Hatherell,ohatherellr5@sciencedaily.com,43 Meadow Vale Court
979,Anastassia,Habert,ahabertr6@cbc.ca,01 Forster Way
980,Vinny,Dallimare,vdallimarer7@delicious.com,9973 Vera Trail
981,Cullie,Wayland,cwaylandr8@scientificamerican.com,11158 Barnett Place
982,Letta,Pfeifer,lpfeiferr9@fda.gov,8 Bartillon Park
983,Neill,Abbes,nabbesra@eepurl.com,0 Vera Park
984,Doe,Hazael,dhazaelrb@youku.com,36 Sheridan Center
985,Dale,Geall,dgeallrc@chron.com,1 Delaware Plaza
986,Ariel,Storry,astorryrd@ox.ac.uk,060 Hudson Hill
987,Clarine,Chalder,cchalderre@zdnet.com,34965 Lakeland Trail
988,Kenny,Marien,kmarienrf@people.com.cn,8986 Linden Parkway
989,Rabi,Dubble,rdubblerg@java.com,786 Arizona Place
990,Nisse,Sappell,nsappellrh@bloglovin.com,962 Pleasure Way
991,Verna,Lorenzini,vlorenziniri@rediff.com,42787 Kennedy Alley
992,Kate,Mauvin,kmauvinrj@ezinearticles.com,9061 Sutteridge Parkway
993,Lottie,Bolesworth,lbolesworthrk@dyndns.org,36280 Quincy Crossing
994,Shep,Galego,sgalegorl@guardian.co.uk,5324 Jenifer Court
995,Jacquenette,Tewnion,jtewnionrm@economist.com,9933 Merry Plaza
996,Nona,Coppock.,ncoppockrn@pinterest.com,56012 Elka Terrace
997,Zedekiah,Stot,zstotro@clickbank.net,20 Sachs Road
998,Constantin,Farden,cfardenrp@vkontakte.ru,26 School Parkway
999,Patsy,Zolini,pzolinirq@hao123.com,1 Alpine Plaza
1000,Ibrahim,Gaddas,igaddasrr@yahoo.com,94479 Gerald Circle
